article_id,entity,predicted_type,title,summary,source,published,corrected_type
427,Department of Defense,ORG,Department of Defense selects LLNL to build telescope for space vehicles,Aim is monolithic â€œPathfinder telescope for responsive space missionâ€ set to launch by 2027.,Optics.org â€“ Latest News,"Tue, 29 Jul 2025 16:07:00 GMT",
427,Aim,PERSON,Department of Defense selects LLNL to build telescope for space vehicles,Aim is monolithic â€œPathfinder telescope for responsive space missionâ€ set to launch by 2027.,Optics.org â€“ Latest News,"Tue, 29 Jul 2025 16:07:00 GMT",
428,Quantum Cascade,ORG,Fraunhofer IZM reports on Quantum Cascade project to develop modular lasers,Aim is to give SMEs access to new sources for multispectral analytics and business development.,Optics.org â€“ Latest News,"Tue, 29 Jul 2025 16:07:00 GMT",
428,Aim,PERSON,Fraunhofer IZM reports on Quantum Cascade project to develop modular lasers,Aim is to give SMEs access to new sources for multispectral analytics and business development.,Optics.org â€“ Latest News,"Tue, 29 Jul 2025 16:07:00 GMT",
429,Prysmian,NORP,Relativity adds Prysmian support to grow seed funding pot,Additional $6M to support production of hollow-core optical fiber for ultra-high-speed data center connections.,Optics.org â€“ Latest News,"Tue, 29 Jul 2025 15:07:00 GMT",
430,LG Innotek,ORG,LG Innotek revealed as Aeva partner with 'up to' $50M investment,Deal with Korean technology giant should help US startup's advanced lidar technology penetrate broader suite of applications.,Optics.org â€“ Latest News,"Tue, 29 Jul 2025 14:07:00 GMT",
430,Aeva,GPE,LG Innotek revealed as Aeva partner with 'up to' $50M investment,Deal with Korean technology giant should help US startup's advanced lidar technology penetrate broader suite of applications.,Optics.org â€“ Latest News,"Tue, 29 Jul 2025 14:07:00 GMT",
430,Korean,NORP,LG Innotek revealed as Aeva partner with 'up to' $50M investment,Deal with Korean technology giant should help US startup's advanced lidar technology penetrate broader suite of applications.,Optics.org â€“ Latest News,"Tue, 29 Jul 2025 14:07:00 GMT",
430,US,GPE,LG Innotek revealed as Aeva partner with 'up to' $50M investment,Deal with Korean technology giant should help US startup's advanced lidar technology penetrate broader suite of applications.,Optics.org â€“ Latest News,"Tue, 29 Jul 2025 14:07:00 GMT",
431,Trinity College,ORG,Trinity College laser machine probes high-speed impact of micro-particles,Dublin group develops Laser Ablation Particle Acceleration & Observation system to watch 10-60Î¼m particles crashing at 1 km/s.,Optics.org â€“ Latest News,"Mon, 28 Jul 2025 18:07:00 GMT",
431,Dublin,GPE,Trinity College laser machine probes high-speed impact of micro-particles,Dublin group develops Laser Ablation Particle Acceleration & Observation system to watch 10-60Î¼m particles crashing at 1 km/s.,Optics.org â€“ Latest News,"Mon, 28 Jul 2025 18:07:00 GMT",
431,Laser Ablation Particle Acceleration & Observation,ORG,Trinity College laser machine probes high-speed impact of micro-particles,Dublin group develops Laser Ablation Particle Acceleration & Observation system to watch 10-60Î¼m particles crashing at 1 km/s.,Optics.org â€“ Latest News,"Mon, 28 Jul 2025 18:07:00 GMT",
432,Macquarie University,ORG,"Macquarie University narrows laser linewidth for quantum computing, atomic clocks",Technique based on Raman scattering improves on current methods of purifying laser spectrum.,Optics.org â€“ Latest News,"Wed, 23 Jul 2025 22:07:00 GMT",
432,quantum computing,ORG,"Macquarie University narrows laser linewidth for quantum computing, atomic clocks",Technique based on Raman scattering improves on current methods of purifying laser spectrum.,Optics.org â€“ Latest News,"Wed, 23 Jul 2025 22:07:00 GMT",
432,Technique,NORP,"Macquarie University narrows laser linewidth for quantum computing, atomic clocks",Technique based on Raman scattering improves on current methods of purifying laser spectrum.,Optics.org â€“ Latest News,"Wed, 23 Jul 2025 22:07:00 GMT",
432,Raman,ORG,"Macquarie University narrows laser linewidth for quantum computing, atomic clocks",Technique based on Raman scattering improves on current methods of purifying laser spectrum.,Optics.org â€“ Latest News,"Wed, 23 Jul 2025 22:07:00 GMT",
433,NIST,ORG,NISTâ€™s ion clock claims record for â€˜most accurate in the worldâ€™,"In the latest wave of optical atomic clocks, it is accurate to 19 decimal places.",Optics.org â€“ Latest News,"Wed, 23 Jul 2025 17:07:00 GMT",
434,Nicola Leibinger-KammÃ¼ller,PERSON,Trumpfâ€™s annual sales drop 17% to â‚¬4.3 billion against previous year,CEO Nicola Leibinger-KammÃ¼ller comments that â€œthe lowest point has been reachedâ€.,Optics.org â€“ Latest News,"Wed, 23 Jul 2025 16:07:00 GMT",
435,Zeiss,ORG,Zeiss snaps up SPAD camera pioneer Pi Imaging Technology,Optics giant to incorporate Swiss startup's high-sensitivity detectors into its high-end fluorescence microscopes.,Optics.org â€“ Latest News,"Wed, 23 Jul 2025 11:07:00 GMT",
435,SPAD,ORG,Zeiss snaps up SPAD camera pioneer Pi Imaging Technology,Optics giant to incorporate Swiss startup's high-sensitivity detectors into its high-end fluorescence microscopes.,Optics.org â€“ Latest News,"Wed, 23 Jul 2025 11:07:00 GMT",
435,Pi Imaging Technology Optics,ORG,Zeiss snaps up SPAD camera pioneer Pi Imaging Technology,Optics giant to incorporate Swiss startup's high-sensitivity detectors into its high-end fluorescence microscopes.,Optics.org â€“ Latest News,"Wed, 23 Jul 2025 11:07:00 GMT",
435,Swiss,NORP,Zeiss snaps up SPAD camera pioneer Pi Imaging Technology,Optics giant to incorporate Swiss startup's high-sensitivity detectors into its high-end fluorescence microscopes.,Optics.org â€“ Latest News,"Wed, 23 Jul 2025 11:07:00 GMT",
436,University of North Carolina,ORG,University of North Carolina studies effects of skin pigmentation on oximetry,Details of optical interactions help explain observed bias in real-world results.,Optics.org â€“ Latest News,"Tue, 22 Jul 2025 18:07:00 GMT",
437,EUV,ORG,xLight lands $40M for novel EUV source,"US startup aims to develop free-electron lasers directly emitting EUV light, in place of todayâ€™s laser-driven plasma systems.",Optics.org â€“ Latest News,"Tue, 22 Jul 2025 16:07:00 GMT",
437,US,GPE,xLight lands $40M for novel EUV source,"US startup aims to develop free-electron lasers directly emitting EUV light, in place of todayâ€™s laser-driven plasma systems.",Optics.org â€“ Latest News,"Tue, 22 Jul 2025 16:07:00 GMT",
437,EUV,ORG,xLight lands $40M for novel EUV source,"US startup aims to develop free-electron lasers directly emitting EUV light, in place of todayâ€™s laser-driven plasma systems.",Optics.org â€“ Latest News,"Tue, 22 Jul 2025 16:07:00 GMT",
438,Record 4 Gbps,PERSON,OLEDs light the way to faster longer-distance wireless communication,Record 4 Gbps data transmission using organic LEDs shows potential for long-distance optical communication.,Optics.org â€“ Latest News,"Tue, 22 Jul 2025 15:07:00 GMT",
439,U Penn's,ORG,Open source tool helps vision-language models â€˜seeâ€™ more clearly,"U Penn's AI-enabled CoSyn creates synthetic diagrams, charts and documents to improve vision processing.",Optics.org â€“ Latest News,"Tue, 22 Jul 2025 15:07:00 GMT",
440,Daimler Truck,ORG,Daimler Truck backs Aeva to scale FMCW lidar production,"Expanded partnership focused on autonomous trucking should see Aeva make 200,000Â units per year.",Optics.org â€“ Latest News,"Tue, 22 Jul 2025 14:07:00 GMT",
440,Aeva,GPE,Daimler Truck backs Aeva to scale FMCW lidar production,"Expanded partnership focused on autonomous trucking should see Aeva make 200,000Â units per year.",Optics.org â€“ Latest News,"Tue, 22 Jul 2025 14:07:00 GMT",
440,FMCW,ORG,Daimler Truck backs Aeva to scale FMCW lidar production,"Expanded partnership focused on autonomous trucking should see Aeva make 200,000Â units per year.",Optics.org â€“ Latest News,"Tue, 22 Jul 2025 14:07:00 GMT",
440,Aeva,GPE,Daimler Truck backs Aeva to scale FMCW lidar production,"Expanded partnership focused on autonomous trucking should see Aeva make 200,000Â units per year.",Optics.org â€“ Latest News,"Tue, 22 Jul 2025 14:07:00 GMT",
441,Safer Monitoring,PERSON,Safer Monitoring: Novel Photoacoustic Method Scans Stents Non-Invasively,"In a recent study published in Optics Letters, researchers demonstrated how, for the first time, photoacoustic microscopy can scan stents through skin, possibly giving a safer, more convenient approach to monitor these life-saving implants.",AZoOptics â€“ Photonics,"Mon, 28 Jul 2025 10:11:00 -0400",
441,Optics Letters,ORG,Safer Monitoring: Novel Photoacoustic Method Scans Stents Non-Invasively,"In a recent study published in Optics Letters, researchers demonstrated how, for the first time, photoacoustic microscopy can scan stents through skin, possibly giving a safer, more convenient approach to monitor these life-saving implants.",AZoOptics â€“ Photonics,"Mon, 28 Jul 2025 10:11:00 -0400",
441,scan,NORP,Safer Monitoring: Novel Photoacoustic Method Scans Stents Non-Invasively,"In a recent study published in Optics Letters, researchers demonstrated how, for the first time, photoacoustic microscopy can scan stents through skin, possibly giving a safer, more convenient approach to monitor these life-saving implants.",AZoOptics â€“ Photonics,"Mon, 28 Jul 2025 10:11:00 -0400",
442,RSM,PERSON,RSM: A Breakthrough in Super-Resolution Imaging Technology,"RSM combines innovative optical components for super-resolution microscopy, enhancing imaging capabilities and supporting advancements in biomedical research.",AZoOptics â€“ Photonics,"Fri, 25 Jul 2025 08:59:00 -0400",
442,Breakthrough,PERSON,RSM: A Breakthrough in Super-Resolution Imaging Technology,"RSM combines innovative optical components for super-resolution microscopy, enhancing imaging capabilities and supporting advancements in biomedical research.",AZoOptics â€“ Photonics,"Fri, 25 Jul 2025 08:59:00 -0400",
442,Super-Resolution Imaging Technology,ORG,RSM: A Breakthrough in Super-Resolution Imaging Technology,"RSM combines innovative optical components for super-resolution microscopy, enhancing imaging capabilities and supporting advancements in biomedical research.",AZoOptics â€“ Photonics,"Fri, 25 Jul 2025 08:59:00 -0400",
443,Wildfires,PERSON,"Skynopy, Wildfires and Natural Disasters: What If the Real Problem was the Delay in Satellite Data?","Each summer, wildfires strike harder, earlier, and more frequently. They demand faster responses. In the face of increasingly extreme natural disasters, satellite data has become a critical asset â€” helping to identify high-risk areas, anticipate events, monitor fire propagation, and coordinate emergency responses.",AZoOptics â€“ Photonics,"Fri, 25 Jul 2025 06:40:00 -0400",
443,Delay,PERSON,"Skynopy, Wildfires and Natural Disasters: What If the Real Problem was the Delay in Satellite Data?","Each summer, wildfires strike harder, earlier, and more frequently. They demand faster responses. In the face of increasingly extreme natural disasters, satellite data has become a critical asset â€” helping to identify high-risk areas, anticipate events, monitor fire propagation, and coordinate emergency responses.",AZoOptics â€“ Photonics,"Fri, 25 Jul 2025 06:40:00 -0400",
443,Satellite Data,ORG,"Skynopy, Wildfires and Natural Disasters: What If the Real Problem was the Delay in Satellite Data?","Each summer, wildfires strike harder, earlier, and more frequently. They demand faster responses. In the face of increasingly extreme natural disasters, satellite data has become a critical asset â€” helping to identify high-risk areas, anticipate events, monitor fire propagation, and coordinate emergency responses.",AZoOptics â€“ Photonics,"Fri, 25 Jul 2025 06:40:00 -0400",
444,IEEE Study Shows Thermal Scaling Analysis of Large Hybrid Laser Arrays,ORG,IEEE Study Shows Thermal Scaling Analysis of Large Hybrid Laser Arrays for Co-Packaged Optics,This study investigates how scaling the size of laser arrays has strong implications for self-heating andÂ optical performance.,AZoOptics â€“ Photonics,"Fri, 25 Jul 2025 00:08:00 -0400",
444,Co-Packaged Optics,ORG,IEEE Study Shows Thermal Scaling Analysis of Large Hybrid Laser Arrays for Co-Packaged Optics,This study investigates how scaling the size of laser arrays has strong implications for self-heating andÂ optical performance.,AZoOptics â€“ Photonics,"Fri, 25 Jul 2025 00:08:00 -0400",
445,Microalgae,ORG,Study Uncovers Technologically Appealing Trick Used by Microalgae to Manipulate Light,Skoltech researchers and their colleagues have uncovered an intricate light manipulation mechanism likely used by microscopic algae to boost photosynthesis.,AZoOptics â€“ Photonics,"Thu, 24 Jul 2025 08:25:00 -0400",
445,Skoltech,PERSON,Study Uncovers Technologically Appealing Trick Used by Microalgae to Manipulate Light,Skoltech researchers and their colleagues have uncovered an intricate light manipulation mechanism likely used by microscopic algae to boost photosynthesis.,AZoOptics â€“ Photonics,"Thu, 24 Jul 2025 08:25:00 -0400",
446,Micrometer-Precise Material Analysis Precise,ORG,IDS: Micrometer-Precise Material Analysis,"Precise material analysis plays a central role in many industries - from the pharmaceutical and food industries to construction materials, biotechnology and environmental sciences.",AZoOptics â€“ Photonics,"Thu, 24 Jul 2025 07:45:00 -0400",
447,UK,GPE,UK Can Lead New Grid Tech to Reduce Likelihood of Blackouts and Provide Smarter Energy Supply,"The UK has all the ingredients to take advantage of a promising new semiconductor technology that will make our energy grids smarter, more reliable and less prone to blackouts, according to a new report published today.",AZoOptics â€“ Photonics,"Wed, 23 Jul 2025 08:38:00 -0400",
447,Reduce Likelihood,PERSON,UK Can Lead New Grid Tech to Reduce Likelihood of Blackouts and Provide Smarter Energy Supply,"The UK has all the ingredients to take advantage of a promising new semiconductor technology that will make our energy grids smarter, more reliable and less prone to blackouts, according to a new report published today.",AZoOptics â€“ Photonics,"Wed, 23 Jul 2025 08:38:00 -0400",
447,UK,GPE,UK Can Lead New Grid Tech to Reduce Likelihood of Blackouts and Provide Smarter Energy Supply,"The UK has all the ingredients to take advantage of a promising new semiconductor technology that will make our energy grids smarter, more reliable and less prone to blackouts, according to a new report published today.",AZoOptics â€“ Photonics,"Wed, 23 Jul 2025 08:38:00 -0400",
448,the Unintended Consequence of Faster Internet Curtin University,ORG,Interference to Astronomy: the Unintended Consequence of Faster Internet,"Curtin University researchers have undertaken the worldâ€™s biggest survey of low frequency satellite radio emissions, finding Starlink satellites are significantly interfering with radio astronomy observations, potentially impacting discovery and research.",AZoOptics â€“ Photonics,"Wed, 23 Jul 2025 07:48:00 -0400",
448,Starlink,ORG,Interference to Astronomy: the Unintended Consequence of Faster Internet,"Curtin University researchers have undertaken the worldâ€™s biggest survey of low frequency satellite radio emissions, finding Starlink satellites are significantly interfering with radio astronomy observations, potentially impacting discovery and research.",AZoOptics â€“ Photonics,"Wed, 23 Jul 2025 07:48:00 -0400",
449,SVS,ORG,"SVS-Vistek 10GigE Camera Leverages Advanced Thermal Management to Maintain Optimal Imaging, Reliability, and Longevity","Reduced image clarity, increased sensor noise, and even internal component damage can occur when machine vision camerasÂ without adequate thermal managementÂ are subjected to extreme heat.",AZoOptics â€“ Photonics,"Wed, 23 Jul 2025 08:26:00 -0400",
449,Longevity Reduced,ORG,"SVS-Vistek 10GigE Camera Leverages Advanced Thermal Management to Maintain Optimal Imaging, Reliability, and Longevity","Reduced image clarity, increased sensor noise, and even internal component damage can occur when machine vision camerasÂ without adequate thermal managementÂ are subjected to extreme heat.",AZoOptics â€“ Photonics,"Wed, 23 Jul 2025 08:26:00 -0400",
450,PPC,ORG,High-Efficiency Photonic Power Converters for Telecommunications,"This study presents a multi-junction PPC with over 50% efficiency, addressing key challenges in optical power transmission for telecommunications applications.",AZoOptics â€“ Photonics,"Wed, 23 Jul 2025 06:19:00 -0400",
451,AR-Coated Windows,ORG,Key Parameters for AR-Coated Windows,"<p>What are the key parameters when it comes to sourcing AR-coated windows for high-energy laser systems? Here are ğ–¿ğ—‚ğ—ğ–¾ ğ–ºğ—‹ğ–¾ğ–ºğ—Œ ğ—ˆğ–¿ ğ—Œğ—‰ğ–¾ğ–¼ğ—‚ğ–¿ğ—‚ğ–¼ğ–ºğ—ğ—‚ğ—ˆğ—‡ that are ğ—‚ğ—†ğ—‰ğ—ˆğ—‹ğ—ğ–ºğ—‡ğ— ğ—ğ—ˆ ğ–¼ğ—ˆğ—‡ğ—Œğ—‚ğ–½ğ–¾ğ—‹: High Transmittivity: ğ– ğ–± ğ–¼ğ—ˆğ–ºğ—ğ—‚ğ—‡ğ—€ğ—Œ ğ—Œğ—ğ—ˆğ—ğ—…ğ–½ ğ—†ğ—‚ğ—‡ğ—‚ğ—†ğ—‚zğ–¾ ğ—‹ğ–¾ğ–¿ğ—…ğ–¾ğ–¼ğ—ğ—‚ğ—ˆğ—‡ ğ—…ğ—ˆğ—Œğ—Œğ–¾ğ—Œ, ğ—ğ—‚ğ—ğ— ğ—†ğ—‚ğ—‡ğ—‚ğ—†ğ–ºğ—… ğ–¾ğ–¿ğ–¿ğ–¾ğ–¼ğ— ğ—ˆğ—‡ ğ—ğ—‹ğ–ºğ—‡ğ—Œğ—†ğ—‚ğ—Œğ—Œğ—‚ğ—ğ—‚ğ—ğ—’ ğ–ºğ–¼ğ—‹ğ—ˆğ—Œğ—Œ ğ—Œğ—‰ğ–¾ğ–¼ğ—‚ğ–¿ğ—‚ğ–¾ğ–½ ğ—ğ–ºğ—ğ–¾ğ—…ğ–¾ğ—‡ğ—€ğ—ğ—ğ—Œ ğ–¿ğ—ˆğ—‹ ğ—ˆğ—‰ğ—ğ—‚ğ—†ğ–ºğ—… ğ—…ğ–ºğ—Œğ–¾ğ—‹ ğ–¾ğ–¿ğ–¿ğ—‚ğ–¼ğ—‚ğ–¾ğ—‡ğ–¼ğ—’. High LIDT: ğ–¶ğ—‚ğ—‡ğ–½ğ—ˆğ—ğ—Œ ğ—‡ğ–¾ğ–¾ğ–½ ğ—ğ—ˆ ğ–»ğ–¾ ğ–¾ğ—‡ğ—€ğ—‚ğ—‡ğ–¾ğ–¾ğ—‹ğ–¾ğ–½ ğ—ğ—ˆ [&#8230;]</p>
<p>The post <a href=""https://ilphotonics.com/key-parameters-for-ar-coated-windows/"">Key Parameters for AR-Coated Windows</a> appeared first on <a href=""https://ilphotonics.com"">IL Photonics</a>.</p>",IL Photonics Blog,"Tue, 29 Jul 2025 05:00:00 +0000",
451,ğ– ğ–±,GPE,Key Parameters for AR-Coated Windows,"<p>What are the key parameters when it comes to sourcing AR-coated windows for high-energy laser systems? Here are ğ–¿ğ—‚ğ—ğ–¾ ğ–ºğ—‹ğ–¾ğ–ºğ—Œ ğ—ˆğ–¿ ğ—Œğ—‰ğ–¾ğ–¼ğ—‚ğ–¿ğ—‚ğ–¼ğ–ºğ—ğ—‚ğ—ˆğ—‡ that are ğ—‚ğ—†ğ—‰ğ—ˆğ—‹ğ—ğ–ºğ—‡ğ— ğ—ğ—ˆ ğ–¼ğ—ˆğ—‡ğ—Œğ—‚ğ–½ğ–¾ğ—‹: High Transmittivity: ğ– ğ–± ğ–¼ğ—ˆğ–ºğ—ğ—‚ğ—‡ğ—€ğ—Œ ğ—Œğ—ğ—ˆğ—ğ—…ğ–½ ğ—†ğ—‚ğ—‡ğ—‚ğ—†ğ—‚zğ–¾ ğ—‹ğ–¾ğ–¿ğ—…ğ–¾ğ–¼ğ—ğ—‚ğ—ˆğ—‡ ğ—…ğ—ˆğ—Œğ—Œğ–¾ğ—Œ, ğ—ğ—‚ğ—ğ— ğ—†ğ—‚ğ—‡ğ—‚ğ—†ğ–ºğ—… ğ–¾ğ–¿ğ–¿ğ–¾ğ–¼ğ— ğ—ˆğ—‡ ğ—ğ—‹ğ–ºğ—‡ğ—Œğ—†ğ—‚ğ—Œğ—Œğ—‚ğ—ğ—‚ğ—ğ—’ ğ–ºğ–¼ğ—‹ğ—ˆğ—Œğ—Œ ğ—Œğ—‰ğ–¾ğ–¼ğ—‚ğ–¿ğ—‚ğ–¾ğ–½ ğ—ğ–ºğ—ğ–¾ğ—…ğ–¾ğ—‡ğ—€ğ—ğ—ğ—Œ ğ–¿ğ—ˆğ—‹ ğ—ˆğ—‰ğ—ğ—‚ğ—†ğ–ºğ—… ğ—…ğ–ºğ—Œğ–¾ğ—‹ ğ–¾ğ–¿ğ–¿ğ—‚ğ–¼ğ—‚ğ–¾ğ—‡ğ–¼ğ—’. High LIDT: ğ–¶ğ—‚ğ—‡ğ–½ğ—ˆğ—ğ—Œ ğ—‡ğ–¾ğ–¾ğ–½ ğ—ğ—ˆ ğ–»ğ–¾ ğ–¾ğ—‡ğ—€ğ—‚ğ—‡ğ–¾ğ–¾ğ—‹ğ–¾ğ–½ ğ—ğ—ˆ [&#8230;]</p>
<p>The post <a href=""https://ilphotonics.com/key-parameters-for-ar-coated-windows/"">Key Parameters for AR-Coated Windows</a> appeared first on <a href=""https://ilphotonics.com"">IL Photonics</a>.</p>",IL Photonics Blog,"Tue, 29 Jul 2025 05:00:00 +0000",
451,ğ—ğ–ºğ—ğ–¾ğ—…ğ–¾ğ—‡ğ—€ğ—ğ—ğ—Œ ğ–¿ğ—ˆğ—‹,PERSON,Key Parameters for AR-Coated Windows,"<p>What are the key parameters when it comes to sourcing AR-coated windows for high-energy laser systems? Here are ğ–¿ğ—‚ğ—ğ–¾ ğ–ºğ—‹ğ–¾ğ–ºğ—Œ ğ—ˆğ–¿ ğ—Œğ—‰ğ–¾ğ–¼ğ—‚ğ–¿ğ—‚ğ–¼ğ–ºğ—ğ—‚ğ—ˆğ—‡ that are ğ—‚ğ—†ğ—‰ğ—ˆğ—‹ğ—ğ–ºğ—‡ğ— ğ—ğ—ˆ ğ–¼ğ—ˆğ—‡ğ—Œğ—‚ğ–½ğ–¾ğ—‹: High Transmittivity: ğ– ğ–± ğ–¼ğ—ˆğ–ºğ—ğ—‚ğ—‡ğ—€ğ—Œ ğ—Œğ—ğ—ˆğ—ğ—…ğ–½ ğ—†ğ—‚ğ—‡ğ—‚ğ—†ğ—‚zğ–¾ ğ—‹ğ–¾ğ–¿ğ—…ğ–¾ğ–¼ğ—ğ—‚ğ—ˆğ—‡ ğ—…ğ—ˆğ—Œğ—Œğ–¾ğ—Œ, ğ—ğ—‚ğ—ğ— ğ—†ğ—‚ğ—‡ğ—‚ğ—†ğ–ºğ—… ğ–¾ğ–¿ğ–¿ğ–¾ğ–¼ğ— ğ—ˆğ—‡ ğ—ğ—‹ğ–ºğ—‡ğ—Œğ—†ğ—‚ğ—Œğ—Œğ—‚ğ—ğ—‚ğ—ğ—’ ğ–ºğ–¼ğ—‹ğ—ˆğ—Œğ—Œ ğ—Œğ—‰ğ–¾ğ–¼ğ—‚ğ–¿ğ—‚ğ–¾ğ–½ ğ—ğ–ºğ—ğ–¾ğ—…ğ–¾ğ—‡ğ—€ğ—ğ—ğ—Œ ğ–¿ğ—ˆğ—‹ ğ—ˆğ—‰ğ—ğ—‚ğ—†ğ–ºğ—… ğ—…ğ–ºğ—Œğ–¾ğ—‹ ğ–¾ğ–¿ğ–¿ğ—‚ğ–¼ğ—‚ğ–¾ğ—‡ğ–¼ğ—’. High LIDT: ğ–¶ğ—‚ğ—‡ğ–½ğ—ˆğ—ğ—Œ ğ—‡ğ–¾ğ–¾ğ–½ ğ—ğ—ˆ ğ–»ğ–¾ ğ–¾ğ—‡ğ—€ğ—‚ğ—‡ğ–¾ğ–¾ğ—‹ğ–¾ğ–½ ğ—ğ—ˆ [&#8230;]</p>
<p>The post <a href=""https://ilphotonics.com/key-parameters-for-ar-coated-windows/"">Key Parameters for AR-Coated Windows</a> appeared first on <a href=""https://ilphotonics.com"">IL Photonics</a>.</p>",IL Photonics Blog,"Tue, 29 Jul 2025 05:00:00 +0000",
451,ğ—…ğ–ºğ—Œğ–¾ğ—‹,PERSON,Key Parameters for AR-Coated Windows,"<p>What are the key parameters when it comes to sourcing AR-coated windows for high-energy laser systems? Here are ğ–¿ğ—‚ğ—ğ–¾ ğ–ºğ—‹ğ–¾ğ–ºğ—Œ ğ—ˆğ–¿ ğ—Œğ—‰ğ–¾ğ–¼ğ—‚ğ–¿ğ—‚ğ–¼ğ–ºğ—ğ—‚ğ—ˆğ—‡ that are ğ—‚ğ—†ğ—‰ğ—ˆğ—‹ğ—ğ–ºğ—‡ğ— ğ—ğ—ˆ ğ–¼ğ—ˆğ—‡ğ—Œğ—‚ğ–½ğ–¾ğ—‹: High Transmittivity: ğ– ğ–± ğ–¼ğ—ˆğ–ºğ—ğ—‚ğ—‡ğ—€ğ—Œ ğ—Œğ—ğ—ˆğ—ğ—…ğ–½ ğ—†ğ—‚ğ—‡ğ—‚ğ—†ğ—‚zğ–¾ ğ—‹ğ–¾ğ–¿ğ—…ğ–¾ğ–¼ğ—ğ—‚ğ—ˆğ—‡ ğ—…ğ—ˆğ—Œğ—Œğ–¾ğ—Œ, ğ—ğ—‚ğ—ğ— ğ—†ğ—‚ğ—‡ğ—‚ğ—†ğ–ºğ—… ğ–¾ğ–¿ğ–¿ğ–¾ğ–¼ğ— ğ—ˆğ—‡ ğ—ğ—‹ğ–ºğ—‡ğ—Œğ—†ğ—‚ğ—Œğ—Œğ—‚ğ—ğ—‚ğ—ğ—’ ğ–ºğ–¼ğ—‹ğ—ˆğ—Œğ—Œ ğ—Œğ—‰ğ–¾ğ–¼ğ—‚ğ–¿ğ—‚ğ–¾ğ–½ ğ—ğ–ºğ—ğ–¾ğ—…ğ–¾ğ—‡ğ—€ğ—ğ—ğ—Œ ğ–¿ğ—ˆğ—‹ ğ—ˆğ—‰ğ—ğ—‚ğ—†ğ–ºğ—… ğ—…ğ–ºğ—Œğ–¾ğ—‹ ğ–¾ğ–¿ğ–¿ğ—‚ğ–¼ğ—‚ğ–¾ğ—‡ğ–¼ğ—’. High LIDT: ğ–¶ğ—‚ğ—‡ğ–½ğ—ˆğ—ğ—Œ ğ—‡ğ–¾ğ–¾ğ–½ ğ—ğ—ˆ ğ–»ğ–¾ ğ–¾ğ—‡ğ—€ğ—‚ğ—‡ğ–¾ğ–¾ğ—‹ğ–¾ğ–½ ğ—ğ—ˆ [&#8230;]</p>
<p>The post <a href=""https://ilphotonics.com/key-parameters-for-ar-coated-windows/"">Key Parameters for AR-Coated Windows</a> appeared first on <a href=""https://ilphotonics.com"">IL Photonics</a>.</p>",IL Photonics Blog,"Tue, 29 Jul 2025 05:00:00 +0000",
451,"href=""https://ilphotonics.com",ORG,Key Parameters for AR-Coated Windows,"<p>What are the key parameters when it comes to sourcing AR-coated windows for high-energy laser systems? Here are ğ–¿ğ—‚ğ—ğ–¾ ğ–ºğ—‹ğ–¾ğ–ºğ—Œ ğ—ˆğ–¿ ğ—Œğ—‰ğ–¾ğ–¼ğ—‚ğ–¿ğ—‚ğ–¼ğ–ºğ—ğ—‚ğ—ˆğ—‡ that are ğ—‚ğ—†ğ—‰ğ—ˆğ—‹ğ—ğ–ºğ—‡ğ— ğ—ğ—ˆ ğ–¼ğ—ˆğ—‡ğ—Œğ—‚ğ–½ğ–¾ğ—‹: High Transmittivity: ğ– ğ–± ğ–¼ğ—ˆğ–ºğ—ğ—‚ğ—‡ğ—€ğ—Œ ğ—Œğ—ğ—ˆğ—ğ—…ğ–½ ğ—†ğ—‚ğ—‡ğ—‚ğ—†ğ—‚zğ–¾ ğ—‹ğ–¾ğ–¿ğ—…ğ–¾ğ–¼ğ—ğ—‚ğ—ˆğ—‡ ğ—…ğ—ˆğ—Œğ—Œğ–¾ğ—Œ, ğ—ğ—‚ğ—ğ— ğ—†ğ—‚ğ—‡ğ—‚ğ—†ğ–ºğ—… ğ–¾ğ–¿ğ–¿ğ–¾ğ–¼ğ— ğ—ˆğ—‡ ğ—ğ—‹ğ–ºğ—‡ğ—Œğ—†ğ—‚ğ—Œğ—Œğ—‚ğ—ğ—‚ğ—ğ—’ ğ–ºğ–¼ğ—‹ğ—ˆğ—Œğ—Œ ğ—Œğ—‰ğ–¾ğ–¼ğ—‚ğ–¿ğ—‚ğ–¾ğ–½ ğ—ğ–ºğ—ğ–¾ğ—…ğ–¾ğ—‡ğ—€ğ—ğ—ğ—Œ ğ–¿ğ—ˆğ—‹ ğ—ˆğ—‰ğ—ğ—‚ğ—†ğ–ºğ—… ğ—…ğ–ºğ—Œğ–¾ğ—‹ ğ–¾ğ–¿ğ–¿ğ—‚ğ–¼ğ—‚ğ–¾ğ—‡ğ–¼ğ—’. High LIDT: ğ–¶ğ—‚ğ—‡ğ–½ğ—ˆğ—ğ—Œ ğ—‡ğ–¾ğ–¾ğ–½ ğ—ğ—ˆ ğ–»ğ–¾ ğ–¾ğ—‡ğ—€ğ—‚ğ—‡ğ–¾ğ–¾ğ—‹ğ–¾ğ–½ ğ—ğ—ˆ [&#8230;]</p>
<p>The post <a href=""https://ilphotonics.com/key-parameters-for-ar-coated-windows/"">Key Parameters for AR-Coated Windows</a> appeared first on <a href=""https://ilphotonics.com"">IL Photonics</a>.</p>",IL Photonics Blog,"Tue, 29 Jul 2025 05:00:00 +0000",
452,CR,GPE,Introducing the CR/G/B-I Series Line Laser,"<p>CNI Optoelectronics Tech presents the new CR/G/B-I Series Line Laser. This laser series features low noise, perfect line uniformity, and high stability to adapt to various environments. The user can choose fromÂ red, green, blue, or violet wavelengths depending on the application and material to be inspected. The CR/G/B-IÂ Series Line Laser provides stable performance and high [&#8230;]</p>
<p>The post <a href=""https://ilphotonics.com/introducing-the-cr-g-b-i-series-line-laser/"">Introducing the CR/G/B-I Series Line Laser</a> appeared first on <a href=""https://ilphotonics.com"">IL Photonics</a>.</p>",IL Photonics Blog,"Sun, 27 Jul 2025 05:00:16 +0000",
452,CR,GPE,Introducing the CR/G/B-I Series Line Laser,"<p>CNI Optoelectronics Tech presents the new CR/G/B-I Series Line Laser. This laser series features low noise, perfect line uniformity, and high stability to adapt to various environments. The user can choose fromÂ red, green, blue, or violet wavelengths depending on the application and material to be inspected. The CR/G/B-IÂ Series Line Laser provides stable performance and high [&#8230;]</p>
<p>The post <a href=""https://ilphotonics.com/introducing-the-cr-g-b-i-series-line-laser/"">Introducing the CR/G/B-I Series Line Laser</a> appeared first on <a href=""https://ilphotonics.com"">IL Photonics</a>.</p>",IL Photonics Blog,"Sun, 27 Jul 2025 05:00:16 +0000",
452,"href=""https://ilphotonics.com",ORG,Introducing the CR/G/B-I Series Line Laser,"<p>CNI Optoelectronics Tech presents the new CR/G/B-I Series Line Laser. This laser series features low noise, perfect line uniformity, and high stability to adapt to various environments. The user can choose fromÂ red, green, blue, or violet wavelengths depending on the application and material to be inspected. The CR/G/B-IÂ Series Line Laser provides stable performance and high [&#8230;]</p>
<p>The post <a href=""https://ilphotonics.com/introducing-the-cr-g-b-i-series-line-laser/"">Introducing the CR/G/B-I Series Line Laser</a> appeared first on <a href=""https://ilphotonics.com"">IL Photonics</a>.</p>",IL Photonics Blog,"Sun, 27 Jul 2025 05:00:16 +0000",
452,CR,GPE,Introducing the CR/G/B-I Series Line Laser,"<p>CNI Optoelectronics Tech presents the new CR/G/B-I Series Line Laser. This laser series features low noise, perfect line uniformity, and high stability to adapt to various environments. The user can choose fromÂ red, green, blue, or violet wavelengths depending on the application and material to be inspected. The CR/G/B-IÂ Series Line Laser provides stable performance and high [&#8230;]</p>
<p>The post <a href=""https://ilphotonics.com/introducing-the-cr-g-b-i-series-line-laser/"">Introducing the CR/G/B-I Series Line Laser</a> appeared first on <a href=""https://ilphotonics.com"">IL Photonics</a>.</p>",IL Photonics Blog,"Sun, 27 Jul 2025 05:00:16 +0000",
453,Holo/Orâ€™s Modified Bessel Objectives,ORG,Holo/Orâ€™s Modified Bessel Objectives,"<p>In the last few years,Â Holo/Or has seen increased interest in Through Glass Via (TGV) laser drilling,Â using ultra short pulse lasers. Holo/Or offers a variety of beam shaping objectives for integrators interested in developing theirÂ TGVÂ process. Holo/Orâ€™s DeepCleaveÂ modified Bessel objectives generate a waist of 1.8 ÂµmÂ over a depth of focus that can be as little as 80 [&#8230;]</p>
<p>The post <a href=""https://ilphotonics.com/holo-ors-modified-bessel-objectives/"">Holo/Orâ€™s Modified Bessel Objectives</a> appeared first on <a href=""https://ilphotonics.com"">IL Photonics</a>.</p>",IL Photonics Blog,"Thu, 24 Jul 2025 05:00:59 +0000",
453,Holo,PERSON,Holo/Orâ€™s Modified Bessel Objectives,"<p>In the last few years,Â Holo/Or has seen increased interest in Through Glass Via (TGV) laser drilling,Â using ultra short pulse lasers. Holo/Or offers a variety of beam shaping objectives for integrators interested in developing theirÂ TGVÂ process. Holo/Orâ€™s DeepCleaveÂ modified Bessel objectives generate a waist of 1.8 ÂµmÂ over a depth of focus that can be as little as 80 [&#8230;]</p>
<p>The post <a href=""https://ilphotonics.com/holo-ors-modified-bessel-objectives/"">Holo/Orâ€™s Modified Bessel Objectives</a> appeared first on <a href=""https://ilphotonics.com"">IL Photonics</a>.</p>",IL Photonics Blog,"Thu, 24 Jul 2025 05:00:59 +0000",
453,TGV,ORG,Holo/Orâ€™s Modified Bessel Objectives,"<p>In the last few years,Â Holo/Or has seen increased interest in Through Glass Via (TGV) laser drilling,Â using ultra short pulse lasers. Holo/Or offers a variety of beam shaping objectives for integrators interested in developing theirÂ TGVÂ process. Holo/Orâ€™s DeepCleaveÂ modified Bessel objectives generate a waist of 1.8 ÂµmÂ over a depth of focus that can be as little as 80 [&#8230;]</p>
<p>The post <a href=""https://ilphotonics.com/holo-ors-modified-bessel-objectives/"">Holo/Orâ€™s Modified Bessel Objectives</a> appeared first on <a href=""https://ilphotonics.com"">IL Photonics</a>.</p>",IL Photonics Blog,"Thu, 24 Jul 2025 05:00:59 +0000",
453,Holo,PERSON,Holo/Orâ€™s Modified Bessel Objectives,"<p>In the last few years,Â Holo/Or has seen increased interest in Through Glass Via (TGV) laser drilling,Â using ultra short pulse lasers. Holo/Or offers a variety of beam shaping objectives for integrators interested in developing theirÂ TGVÂ process. Holo/Orâ€™s DeepCleaveÂ modified Bessel objectives generate a waist of 1.8 ÂµmÂ over a depth of focus that can be as little as 80 [&#8230;]</p>
<p>The post <a href=""https://ilphotonics.com/holo-ors-modified-bessel-objectives/"">Holo/Orâ€™s Modified Bessel Objectives</a> appeared first on <a href=""https://ilphotonics.com"">IL Photonics</a>.</p>",IL Photonics Blog,"Thu, 24 Jul 2025 05:00:59 +0000",
453,TGV,ORG,Holo/Orâ€™s Modified Bessel Objectives,"<p>In the last few years,Â Holo/Or has seen increased interest in Through Glass Via (TGV) laser drilling,Â using ultra short pulse lasers. Holo/Or offers a variety of beam shaping objectives for integrators interested in developing theirÂ TGVÂ process. Holo/Orâ€™s DeepCleaveÂ modified Bessel objectives generate a waist of 1.8 ÂµmÂ over a depth of focus that can be as little as 80 [&#8230;]</p>
<p>The post <a href=""https://ilphotonics.com/holo-ors-modified-bessel-objectives/"">Holo/Orâ€™s Modified Bessel Objectives</a> appeared first on <a href=""https://ilphotonics.com"">IL Photonics</a>.</p>",IL Photonics Blog,"Thu, 24 Jul 2025 05:00:59 +0000",
453,Bessel,ORG,Holo/Orâ€™s Modified Bessel Objectives,"<p>In the last few years,Â Holo/Or has seen increased interest in Through Glass Via (TGV) laser drilling,Â using ultra short pulse lasers. Holo/Or offers a variety of beam shaping objectives for integrators interested in developing theirÂ TGVÂ process. Holo/Orâ€™s DeepCleaveÂ modified Bessel objectives generate a waist of 1.8 ÂµmÂ over a depth of focus that can be as little as 80 [&#8230;]</p>
<p>The post <a href=""https://ilphotonics.com/holo-ors-modified-bessel-objectives/"">Holo/Orâ€™s Modified Bessel Objectives</a> appeared first on <a href=""https://ilphotonics.com"">IL Photonics</a>.</p>",IL Photonics Blog,"Thu, 24 Jul 2025 05:00:59 +0000",
453,"href=""https://ilphotonics.com",ORG,Holo/Orâ€™s Modified Bessel Objectives,"<p>In the last few years,Â Holo/Or has seen increased interest in Through Glass Via (TGV) laser drilling,Â using ultra short pulse lasers. Holo/Or offers a variety of beam shaping objectives for integrators interested in developing theirÂ TGVÂ process. Holo/Orâ€™s DeepCleaveÂ modified Bessel objectives generate a waist of 1.8 ÂµmÂ over a depth of focus that can be as little as 80 [&#8230;]</p>
<p>The post <a href=""https://ilphotonics.com/holo-ors-modified-bessel-objectives/"">Holo/Orâ€™s Modified Bessel Objectives</a> appeared first on <a href=""https://ilphotonics.com"">IL Photonics</a>.</p>",IL Photonics Blog,"Thu, 24 Jul 2025 05:00:59 +0000",
454,OEM Tech Has,ORG,OEM Tech Has Developed a New Pulsed Current Driver,"<p>Another OEM Tech full-stack design of pulsed current driver prototype has been sent to manufacturing! This driver is capable of delivering 2 kW pulses (20 V Ã— 100 A), with 10 J of energy per pulse, while keeping the systemâ€™s average power at 50 W. The prototype has a footprint of 80 Ã— 80 Ã— [&#8230;]</p>
<p>The post <a href=""https://ilphotonics.com/oem-tech-has-developed-a-new-pulsed-current-driver/"">OEM Tech Has Developed a New Pulsed Current Driver</a> appeared first on <a href=""https://ilphotonics.com"">IL Photonics</a>.</p>",IL Photonics Blog,"Tue, 22 Jul 2025 11:15:59 +0000",
454,"href=""https://ilphotonics.com",ORG,OEM Tech Has Developed a New Pulsed Current Driver,"<p>Another OEM Tech full-stack design of pulsed current driver prototype has been sent to manufacturing! This driver is capable of delivering 2 kW pulses (20 V Ã— 100 A), with 10 J of energy per pulse, while keeping the systemâ€™s average power at 50 W. The prototype has a footprint of 80 Ã— 80 Ã— [&#8230;]</p>
<p>The post <a href=""https://ilphotonics.com/oem-tech-has-developed-a-new-pulsed-current-driver/"">OEM Tech Has Developed a New Pulsed Current Driver</a> appeared first on <a href=""https://ilphotonics.com"">IL Photonics</a>.</p>",IL Photonics Blog,"Tue, 22 Jul 2025 11:15:59 +0000",
454,Tech,PERSON,OEM Tech Has Developed a New Pulsed Current Driver,"<p>Another OEM Tech full-stack design of pulsed current driver prototype has been sent to manufacturing! This driver is capable of delivering 2 kW pulses (20 V Ã— 100 A), with 10 J of energy per pulse, while keeping the systemâ€™s average power at 50 W. The prototype has a footprint of 80 Ã— 80 Ã— [&#8230;]</p>
<p>The post <a href=""https://ilphotonics.com/oem-tech-has-developed-a-new-pulsed-current-driver/"">OEM Tech Has Developed a New Pulsed Current Driver</a> appeared first on <a href=""https://ilphotonics.com"">IL Photonics</a>.</p>",IL Photonics Blog,"Tue, 22 Jul 2025 11:15:59 +0000",
457,Shimadzu Scientific Instruments Launches New AUTOGRAPH AGS-V Series: Compact Tabletop Machines,ORG,Shimadzu Scientific Instruments Launches New AUTOGRAPH AGS-V Series: Compact Tabletop Machines Delivering High-Precision Materials Testing,"The AUTOGRAPH AGS-V Series by Shimadzu features high-precision testing machines with customizable options, ensuring reliable results for various material types.",AZoM â€“ Materials & Engineering News,"Tue, 29 Jul 2025 07:29:00 -0400",
458,"Stronger, Cheaper Titanium",ORG,"Stronger, Cheaper Titanium a 'Leap Forward' for Industry",EngineersÂ from RMIT UniversityÂ have produced a new type of 3D-printed titaniumÂ thatâ€™sÂ about a third cheaperÂ thanÂ commonly used titanium alloys.,AZoM â€“ Materials & Engineering News,"Mon, 28 Jul 2025 10:01:00 -0400",
458,RMIT University,ORG,"Stronger, Cheaper Titanium a 'Leap Forward' for Industry",EngineersÂ from RMIT UniversityÂ have produced a new type of 3D-printed titaniumÂ thatâ€™sÂ about a third cheaperÂ thanÂ commonly used titanium alloys.,AZoM â€“ Materials & Engineering News,"Mon, 28 Jul 2025 10:01:00 -0400",
460,San Diego Empower Materials,ORG,Empower Materials to Exhibit at IMAPS 2025 in San Diego,"Empower Materials is excited to announce our participation in IMAPS 2025, taking place September 29 â€“ October 2.",AZoM â€“ Materials & Engineering News,"Mon, 28 Jul 2025 04:28:00 -0400",
461,Thermo Fisher Scientific Increases Accessibility to Research,ORG,Thermo Fisher Scientific Increases Accessibility to Research with the Launches of Scios 3 and Talos 12 Electron Microscopes at M&M 2025 Conference,"As the world leader in serving science, Thermo Fisher Scientific is proud to announce the launch of two new electron microscopes that will be unveiled at Microscopy & Microanalysis (M&amp;M) in Salt Lake City, Utah, July 27-31, each significantly contributing to the democratization of research in the sciences.",AZoM â€“ Materials & Engineering News,"Fri, 25 Jul 2025 06:06:00 -0400",
461,the Launches of Scios,ORG,Thermo Fisher Scientific Increases Accessibility to Research with the Launches of Scios 3 and Talos 12 Electron Microscopes at M&M 2025 Conference,"As the world leader in serving science, Thermo Fisher Scientific is proud to announce the launch of two new electron microscopes that will be unveiled at Microscopy & Microanalysis (M&amp;M) in Salt Lake City, Utah, July 27-31, each significantly contributing to the democratization of research in the sciences.",AZoM â€“ Materials & Engineering News,"Fri, 25 Jul 2025 06:06:00 -0400",
461,Thermo Fisher Scientific,ORG,Thermo Fisher Scientific Increases Accessibility to Research with the Launches of Scios 3 and Talos 12 Electron Microscopes at M&M 2025 Conference,"As the world leader in serving science, Thermo Fisher Scientific is proud to announce the launch of two new electron microscopes that will be unveiled at Microscopy & Microanalysis (M&amp;M) in Salt Lake City, Utah, July 27-31, each significantly contributing to the democratization of research in the sciences.",AZoM â€“ Materials & Engineering News,"Fri, 25 Jul 2025 06:06:00 -0400",
461,Microscopy & Microanalysis,ORG,Thermo Fisher Scientific Increases Accessibility to Research with the Launches of Scios 3 and Talos 12 Electron Microscopes at M&M 2025 Conference,"As the world leader in serving science, Thermo Fisher Scientific is proud to announce the launch of two new electron microscopes that will be unveiled at Microscopy & Microanalysis (M&amp;M) in Salt Lake City, Utah, July 27-31, each significantly contributing to the democratization of research in the sciences.",AZoM â€“ Materials & Engineering News,"Fri, 25 Jul 2025 06:06:00 -0400",
461,Salt Lake City,GPE,Thermo Fisher Scientific Increases Accessibility to Research with the Launches of Scios 3 and Talos 12 Electron Microscopes at M&M 2025 Conference,"As the world leader in serving science, Thermo Fisher Scientific is proud to announce the launch of two new electron microscopes that will be unveiled at Microscopy & Microanalysis (M&amp;M) in Salt Lake City, Utah, July 27-31, each significantly contributing to the democratization of research in the sciences.",AZoM â€“ Materials & Engineering News,"Fri, 25 Jul 2025 06:06:00 -0400",
461,Utah,GPE,Thermo Fisher Scientific Increases Accessibility to Research with the Launches of Scios 3 and Talos 12 Electron Microscopes at M&M 2025 Conference,"As the world leader in serving science, Thermo Fisher Scientific is proud to announce the launch of two new electron microscopes that will be unveiled at Microscopy & Microanalysis (M&amp;M) in Salt Lake City, Utah, July 27-31, each significantly contributing to the democratization of research in the sciences.",AZoM â€“ Materials & Engineering News,"Fri, 25 Jul 2025 06:06:00 -0400",
462,Advanced Ion-Selective Membranes Boost Clean Energy Systems Researchers,PERSON,Advanced Ion-Selective Membranes Boost Clean Energy Systems,"Researchers have engineered ultra-thin ion-selective membranes with sub-2-nanometre channels, enabling more efficient clean energy systems such as flow batteries, osmotic power generators, and light-driven devices.",AZoM â€“ Materials & Engineering News,"Thu, 24 Jul 2025 07:25:00 -0400",
464,UKAEA,ORG,Gas Raman Detects Tritium â€“ Fusion Industry Programme Showcase Presentation,"The GRADE project demonstrates innovative tritium measurement techniques, crucial for fusion energy, as part of UKAEA's efforts to enhance the fusion industry.",AZoM â€“ Materials & Engineering News,"Wed, 23 Jul 2025 10:09:00 -0400",
465,Guest,PERSON,Advances in nanoporous metal films: production methods and applications,Read the new collection in Materials Advances We are delighted to introduce our new themed collection focusing on Advances in nanoporous metal films: production methods and applications! Guest Edited by Prof. Eva Maria Pellicer (Universitat AutÃ²noma de Barcelona) &#38; Prof. Maria Eugenia Toimil-Molares (GSI Helmholtzzentrum fÃ¼r Schwerionenforschung GmbH) &#160; &#160; A small selection of the [&#8230;],Journal of Materials Chemistry Blog (RSC),"Tue, 22 Jul 2025 09:12:19 +0000",
465,Eva Maria Pellicer,PERSON,Advances in nanoporous metal films: production methods and applications,Read the new collection in Materials Advances We are delighted to introduce our new themed collection focusing on Advances in nanoporous metal films: production methods and applications! Guest Edited by Prof. Eva Maria Pellicer (Universitat AutÃ²noma de Barcelona) &#38; Prof. Maria Eugenia Toimil-Molares (GSI Helmholtzzentrum fÃ¼r Schwerionenforschung GmbH) &#160; &#160; A small selection of the [&#8230;],Journal of Materials Chemistry Blog (RSC),"Tue, 22 Jul 2025 09:12:19 +0000",
465,Universitat AutÃ²noma de Barcelona,ORG,Advances in nanoporous metal films: production methods and applications,Read the new collection in Materials Advances We are delighted to introduce our new themed collection focusing on Advances in nanoporous metal films: production methods and applications! Guest Edited by Prof. Eva Maria Pellicer (Universitat AutÃ²noma de Barcelona) &#38; Prof. Maria Eugenia Toimil-Molares (GSI Helmholtzzentrum fÃ¼r Schwerionenforschung GmbH) &#160; &#160; A small selection of the [&#8230;],Journal of Materials Chemistry Blog (RSC),"Tue, 22 Jul 2025 09:12:19 +0000",
465,Maria Eugenia,PERSON,Advances in nanoporous metal films: production methods and applications,Read the new collection in Materials Advances We are delighted to introduce our new themed collection focusing on Advances in nanoporous metal films: production methods and applications! Guest Edited by Prof. Eva Maria Pellicer (Universitat AutÃ²noma de Barcelona) &#38; Prof. Maria Eugenia Toimil-Molares (GSI Helmholtzzentrum fÃ¼r Schwerionenforschung GmbH) &#160; &#160; A small selection of the [&#8230;],Journal of Materials Chemistry Blog (RSC),"Tue, 22 Jul 2025 09:12:19 +0000",
465,Toimil-Molares,ORG,Advances in nanoporous metal films: production methods and applications,Read the new collection in Materials Advances We are delighted to introduce our new themed collection focusing on Advances in nanoporous metal films: production methods and applications! Guest Edited by Prof. Eva Maria Pellicer (Universitat AutÃ²noma de Barcelona) &#38; Prof. Maria Eugenia Toimil-Molares (GSI Helmholtzzentrum fÃ¼r Schwerionenforschung GmbH) &#160; &#160; A small selection of the [&#8230;],Journal of Materials Chemistry Blog (RSC),"Tue, 22 Jul 2025 09:12:19 +0000",
465,GSI,ORG,Advances in nanoporous metal films: production methods and applications,Read the new collection in Materials Advances We are delighted to introduce our new themed collection focusing on Advances in nanoporous metal films: production methods and applications! Guest Edited by Prof. Eva Maria Pellicer (Universitat AutÃ²noma de Barcelona) &#38; Prof. Maria Eugenia Toimil-Molares (GSI Helmholtzzentrum fÃ¼r Schwerionenforschung GmbH) &#160; &#160; A small selection of the [&#8230;],Journal of Materials Chemistry Blog (RSC),"Tue, 22 Jul 2025 09:12:19 +0000",
467,"BCX4"">",PERSON,Top 10 FAQs About Autoclaves: What You Need to Know Before You Buy,"<p><span class=""NormalTextRun SCXW71854215 BCX4""> Explore 10 </span><span class=""NormalTextRun SCXW71854215 BCX4"">frequently</span><span class=""NormalTextRun SCXW71854215 BCX4""> asked questions about autoclaves to guide your sterilizer selection process and help ensure a successful investment for your lab or facility.</span></p><p><a class=""read-more"" href=""https://www.msesupplies.com/blogs/news/top-10-faqs-about-autoclaves-what-you-need-to-know-before-you-buy"">More</a></p>",MSE Supplies Blog (Materials Supplies),2025-07-24T10:00:00-07:00,
467,BCX4,PERSON,Top 10 FAQs About Autoclaves: What You Need to Know Before You Buy,"<p><span class=""NormalTextRun SCXW71854215 BCX4""> Explore 10 </span><span class=""NormalTextRun SCXW71854215 BCX4"">frequently</span><span class=""NormalTextRun SCXW71854215 BCX4""> asked questions about autoclaves to guide your sterilizer selection process and help ensure a successful investment for your lab or facility.</span></p><p><a class=""read-more"" href=""https://www.msesupplies.com/blogs/news/top-10-faqs-about-autoclaves-what-you-need-to-know-before-you-buy"">More</a></p>",MSE Supplies Blog (Materials Supplies),2025-07-24T10:00:00-07:00,
468,New Insights,ORG,New Insights into Plant Immunity: How A Plant Protein Could Help Crops Fight Disease,"<p><span>Researchers reveal how AtMC9 structure shifts with pH to regulate plant immunityâ€”offering new insights for developing disease-resistant crops.</span></p><p><a class=""read-more"" href=""https://www.msesupplies.com/blogs/news/new-insights-into-plant-immunity-how-a-plant-protein-could-help-crops-fight-disease"">More</a></p>",MSE Supplies Blog (Materials Supplies),2025-07-23T10:00:03-07:00,
470,Towards Multiferroicity,PERSON,Towards Multiferroicity in Two-Dimensional Van Der Waals Materials: Challenges and Opportunities,"Chemistry of Materials, Volume 37, Issue 14, Page 4925-4934, July 22, 2025. <br />",Chemistry of Materials (ACS),,
470,Challenges and Opportunities Chemistry of Materials,ORG,Towards Multiferroicity in Two-Dimensional Van Der Waals Materials: Challenges and Opportunities,"Chemistry of Materials, Volume 37, Issue 14, Page 4925-4934, July 22, 2025. <br />",Chemistry of Materials (ACS),,
471,Ferroelectric Domains,PERSON,Ferroelectric Domains and Domain Walls in Organicâ€“Inorganic Hybrid Perovskites,"Chemistry of Materials, Volume 37, Issue 14, Page 4935-4943, July 22, 2025. <br />",Chemistry of Materials (ACS),,
471,Domain Walls,PERSON,Ferroelectric Domains and Domain Walls in Organicâ€“Inorganic Hybrid Perovskites,"Chemistry of Materials, Volume 37, Issue 14, Page 4935-4943, July 22, 2025. <br />",Chemistry of Materials (ACS),,
471,Organic,GPE,Ferroelectric Domains and Domain Walls in Organicâ€“Inorganic Hybrid Perovskites,"Chemistry of Materials, Volume 37, Issue 14, Page 4935-4943, July 22, 2025. <br />",Chemistry of Materials (ACS),,
472,Coacervate-Based Materials: Fabrication,ORG,"Coacervate-Based Materials: Fabrication, Structure, and Applications","Chemistry of Materials, Volume 37, Issue 14, Page 4944-4962, July 22, 2025. <br />",Chemistry of Materials (ACS),,
473,Tailoring Structural Distortions,ORG,Tailoring Structural Distortions and Ionic Defects as Alternative Strategy to Modulate Reactive Oxygen Species and Photocatalytic Activity in SnO2 Nanoparticles,"Chemistry of Materials, Volume 37, Issue 14, Page 4963-4981, July 22, 2025. <br />",Chemistry of Materials (ACS),,
473,Ionic Defects as Alternative Strategy,ORG,Tailoring Structural Distortions and Ionic Defects as Alternative Strategy to Modulate Reactive Oxygen Species and Photocatalytic Activity in SnO2 Nanoparticles,"Chemistry of Materials, Volume 37, Issue 14, Page 4963-4981, July 22, 2025. <br />",Chemistry of Materials (ACS),,
473,Modulate Reactive Oxygen Species,ORG,Tailoring Structural Distortions and Ionic Defects as Alternative Strategy to Modulate Reactive Oxygen Species and Photocatalytic Activity in SnO2 Nanoparticles,"Chemistry of Materials, Volume 37, Issue 14, Page 4963-4981, July 22, 2025. <br />",Chemistry of Materials (ACS),,
474,Area-Selective Atomic Layer Deposition,ORG,Area-Selective Atomic Layer Deposition through Selective Passivation of SiO2 with a SF6/H2 Plasma,"Chemistry of Materials, Volume 37, Issue 14, Page 4982-4991, July 22, 2025. <br />",Chemistry of Materials (ACS),,
475,the Self-Doped Nature,ORG,Revealing the Self-Doped Nature of CdxAgySe Quantum Dots under Cation Exchange Control,"Chemistry of Materials, Volume 37, Issue 14, Page 4992-5004, July 22, 2025. <br />",Chemistry of Materials (ACS),,
475,Cation Exchange Control Chemistry of Materials,ORG,Revealing the Self-Doped Nature of CdxAgySe Quantum Dots under Cation Exchange Control,"Chemistry of Materials, Volume 37, Issue 14, Page 4992-5004, July 22, 2025. <br />",Chemistry of Materials (ACS),,
476,Quasi-Single-Crystalline Inverse Opal Î±-Fe2O3 Prepared via,ORG,Quasi-Single-Crystalline Inverse Opal Î±-Fe2O3 Prepared via Diffusion and Oxidation of the FeCl3 Precursor in Nanospaces,"Chemistry of Materials, Volume 37, Issue 14, Page 5005-5014, July 22, 2025. <br />",Chemistry of Materials (ACS),,
476,Nanospaces Chemistry of Materials,ORG,Quasi-Single-Crystalline Inverse Opal Î±-Fe2O3 Prepared via Diffusion and Oxidation of the FeCl3 Precursor in Nanospaces,"Chemistry of Materials, Volume 37, Issue 14, Page 5005-5014, July 22, 2025. <br />",Chemistry of Materials (ACS),,
477,Phosphine-Induced Reaction with Z-Type Ligands Chemistry of Materials,ORG,Stabilization of Quantum Dots through Phosphine-Induced Reaction with Z-Type Ligands,"Chemistry of Materials, Volume 37, Issue 14, Page 5015-5026, July 22, 2025. <br />",Chemistry of Materials (ACS),,
478,Bismuth Halides Chemistry of Materials,ORG,Predict before You Precipitate: Learning Templating Effects in Hybrid Antimony and Bismuth Halides,"Chemistry of Materials, Volume 37, Issue 14, Page 5027-5035, July 22, 2025. <br />",Chemistry of Materials (ACS),,
479,Magnetic Properties,ORG,Magnetic Properties and Large Second-Harmonic Generation Response of a Chiral Ternary Chalcogenide: Eu2SiSe4,"Chemistry of Materials, Volume 37, Issue 14, Page 5036-5042, July 22, 2025. <br />",Chemistry of Materials (ACS),,
480,the Entanglement of Host,ORG,Thermocoloration and Photodiscoloration Derived from the Entanglement of Host and Guest Radicals in a Metalâ€“Organic Framework,"Chemistry of Materials, Volume 37, Issue 14, Page 5043-5051, July 22, 2025. <br />",Chemistry of Materials (ACS),,
480,Guest Radicals,ORG,Thermocoloration and Photodiscoloration Derived from the Entanglement of Host and Guest Radicals in a Metalâ€“Organic Framework,"Chemistry of Materials, Volume 37, Issue 14, Page 5043-5051, July 22, 2025. <br />",Chemistry of Materials (ACS),,
481,Sodium-Ion Battery,ORG,A Sodium-Ion Battery with the Diglyme Electrolyte: Graphite || Alumina-Coated Na5/6[Ni1/3Mn1/6Fe1/6Ti1/3]O2 Cell,"Chemistry of Materials, Volume 37, Issue 14, Page 5052-5061, July 22, 2025. <br />",Chemistry of Materials (ACS),,
481,Alumina-Coated,PERSON,A Sodium-Ion Battery with the Diglyme Electrolyte: Graphite || Alumina-Coated Na5/6[Ni1/3Mn1/6Fe1/6Ti1/3]O2 Cell,"Chemistry of Materials, Volume 37, Issue 14, Page 5052-5061, July 22, 2025. <br />",Chemistry of Materials (ACS),,
482,Atom-Economic Construction of Functional Î²-Ketoenamine-Linked Covalent Organic Frameworks,ORG,Efficient and Atom-Economic Construction of Functional Î²-Ketoenamine-Linked Covalent Organic Frameworks via Amino-yne Click Polymerization,"Chemistry of Materials, Volume 37, Issue 14, Page 5062-5071, July 22, 2025. <br />",Chemistry of Materials (ACS),,
482,Amino-yne Click Polymerization Chemistry of Materials,ORG,Efficient and Atom-Economic Construction of Functional Î²-Ketoenamine-Linked Covalent Organic Frameworks via Amino-yne Click Polymerization,"Chemistry of Materials, Volume 37, Issue 14, Page 5062-5071, July 22, 2025. <br />",Chemistry of Materials (ACS),,
483,Directional Channels and Anisotropic Surfaces for Improved Hemorrhage Control Chemistry of Materials,ORG,Cryochemically Engineered Sponges with Directional Channels and Anisotropic Surfaces for Improved Hemorrhage Control,"Chemistry of Materials, Volume 37, Issue 14, Page 5072-5085, July 22, 2025. <br />",Chemistry of Materials (ACS),,
484,"Data-Enabled Discovery of Two-Dimensional van der Waals Layered Phosphochalcogenides Chemistry of Materials, Volume",ORG,Data-Enabled Discovery of Two-Dimensional van der Waals Layered Phosphochalcogenides,"Chemistry of Materials, Volume 37, Issue 14, Page 5086-5098, July 22, 2025. <br />",Chemistry of Materials (ACS),,
485,Machine Learning Potentials Chemistry of Materials,ORG,Deciphering the Facet-Dependent Degradation Mechanism of Hybrid Perovskites by Machine Learning Potentials,"Chemistry of Materials, Volume 37, Issue 14, Page 5099-5108, July 22, 2025. <br />",Chemistry of Materials (ACS),,
486,Chemical Vapor Deposition,ORG,Chemical Vapor Deposition Growth of Two-Dimensional Bi4Se3 with Robust Ferroelectricity,"Chemistry of Materials, Volume 37, Issue 14, Page 5109-5117, July 22, 2025. <br />",Chemistry of Materials (ACS),,
486,Robust Ferroelectricity Chemistry of Materials,ORG,Chemical Vapor Deposition Growth of Two-Dimensional Bi4Se3 with Robust Ferroelectricity,"Chemistry of Materials, Volume 37, Issue 14, Page 5109-5117, July 22, 2025. <br />",Chemistry of Materials (ACS),,
487,Camouflage Chemistry of Materials,ORG,"Multistimulus-Responsive Chromic Textile for Smart Wearable Display, Sensor, and Camouflage","Chemistry of Materials, Volume 37, Issue 14, Page 5118-5128, July 22, 2025. <br />",Chemistry of Materials (ACS),,
488,Substitution of Iron for Vanadium,ORG,Substitution of Iron for Vanadium in Phosphate Fluoride Positive Electrode Materials for Na-Ion Batteries,"Chemistry of Materials, Volume 37, Issue 14, Page 5129-5142, July 22, 2025. <br />",Chemistry of Materials (ACS),,
488,Phosphate Fluoride Positive Electrode Materials,ORG,Substitution of Iron for Vanadium in Phosphate Fluoride Positive Electrode Materials for Na-Ion Batteries,"Chemistry of Materials, Volume 37, Issue 14, Page 5129-5142, July 22, 2025. <br />",Chemistry of Materials (ACS),,
490,the Structural Origin of Fast Li-Ion Cycling,ORG,On the Structural Origin of Fast Li-Ion Cycling in Tetragonal Bronze-Type Nb8W9O47,"Chemistry of Materials, Volume 37, Issue 14, Page 5158-5166, July 22, 2025. <br />",Chemistry of Materials (ACS),,
491,Overhauser Dynamic Nuclear Polarization of Lithiated Graphite Anodes,ORG,Overhauser Dynamic Nuclear Polarization of Lithiated Graphite Anodes: Probing Bulk and Surface Structures,"Chemistry of Materials, Volume 37, Issue 14, Page 5167-5182, July 22, 2025. <br />",Chemistry of Materials (ACS),,
491,Surface Structures Chemistry of Materials,ORG,Overhauser Dynamic Nuclear Polarization of Lithiated Graphite Anodes: Probing Bulk and Surface Structures,"Chemistry of Materials, Volume 37, Issue 14, Page 5167-5182, July 22, 2025. <br />",Chemistry of Materials (ACS),,
492,Stability and Mechanical Properties,ORG,Pivotal Role of A-Site Elements in the Stability and Mechanical Properties of h-MAB Phases,"Chemistry of Materials, Volume 37, Issue 14, Page 5183-5194, July 22, 2025. <br />",Chemistry of Materials (ACS),,
492,MAB Phases Chemistry of Materials,ORG,Pivotal Role of A-Site Elements in the Stability and Mechanical Properties of h-MAB Phases,"Chemistry of Materials, Volume 37, Issue 14, Page 5183-5194, July 22, 2025. <br />",Chemistry of Materials (ACS),,
495,Enhancing Gas Adsorption,ORG,Enhancing Gas Adsorption in Three-Dimensional Covalent Organic Frameworks via Conformational Effects,"Chemistry of Materials, Volume 37, Issue 14, Page 5217-5225, July 22, 2025. <br />",Chemistry of Materials (ACS),,
495,Three-Dimensional Covalent Organic Frameworks,ORG,Enhancing Gas Adsorption in Three-Dimensional Covalent Organic Frameworks via Conformational Effects,"Chemistry of Materials, Volume 37, Issue 14, Page 5217-5225, July 22, 2025. <br />",Chemistry of Materials (ACS),,
495,Conformational Effects Chemistry of Materials,ORG,Enhancing Gas Adsorption in Three-Dimensional Covalent Organic Frameworks via Conformational Effects,"Chemistry of Materials, Volume 37, Issue 14, Page 5217-5225, July 22, 2025. <br />",Chemistry of Materials (ACS),,
498,Artificial Intelligence-Driven Multiobjective Bayesian Optimization Chemistry of Materials,ORG,Discovery of Trade-Off Performance Frontiers of Cross-Linking Polymers through Artificial Intelligence-Driven Multiobjective Bayesian Optimization,"Chemistry of Materials, Volume 37, Issue 14, Page 5249-5260, July 22, 2025. <br />",Chemistry of Materials (ACS),,
499,the Proton Conductivity in,ORG,Effect of Proton Concentration on the Proton Conductivity in Calcium Niobium Oxide Nanosheets,"Chemistry of Materials, Volume 37, Issue 14, Page 5261-5270, July 22, 2025. <br />",Chemistry of Materials (ACS),,
499,Calcium Niobium Oxide Nanosheets Chemistry of Materials,ORG,Effect of Proton Concentration on the Proton Conductivity in Calcium Niobium Oxide Nanosheets,"Chemistry of Materials, Volume 37, Issue 14, Page 5261-5270, July 22, 2025. <br />",Chemistry of Materials (ACS),,
500,Zn-Doped Cu5Sn2S7 Chemistry of Materials,ORG,Coexistence of Two Sphalerite Frameworks: A Vector for the Enhancement of Thermoelectric Performances in Zn-Doped Cu5Sn2S7,"Chemistry of Materials, Volume 37, Issue 14, Page 5271-5285, July 22, 2025. <br />",Chemistry of Materials (ACS),,
503,Probes Chemistry of Materials,ORG,Structural Dynamics Behind the Formation of Î±â€²-Ni3Ga Alloy Nanoparticles from a Niâ€“Ga Phyllosilicate Dispersed on Silica Using X-ray Probes,"Chemistry of Materials, Volume 37, Issue 14, Page 5312-5324, July 22, 2025. <br />",Chemistry of Materials (ACS),,
504,Rock-Salt NbO Films Chemistry of Materials,ORG,Superconducting Vacancy-Ordered Rock-Salt NbO Films,"Chemistry of Materials, Volume 37, Issue 14, Page 5325-5332, July 22, 2025. <br />",Chemistry of Materials (ACS),,
505,Chemical Exfoliation,ORG,Chemical Exfoliation for the Preparation of CrSe2 Nanoribbons and CrTe2â€“x Nanosheets,"Chemistry of Materials, Volume 37, Issue 14, Page 5333-5343, July 22, 2025. <br />",Chemistry of Materials (ACS),,
505,the Preparation of CrSe2 Nanoribbons,ORG,Chemical Exfoliation for the Preparation of CrSe2 Nanoribbons and CrTe2â€“x Nanosheets,"Chemistry of Materials, Volume 37, Issue 14, Page 5333-5343, July 22, 2025. <br />",Chemistry of Materials (ACS),,
505,Nanosheets Chemistry of Materials,ORG,Chemical Exfoliation for the Preparation of CrSe2 Nanoribbons and CrTe2â€“x Nanosheets,"Chemistry of Materials, Volume 37, Issue 14, Page 5333-5343, July 22, 2025. <br />",Chemistry of Materials (ACS),,
507,Coordinated-Metal-Synergetic Covalent Organic Framework for Highly,ORG,A Synaptic Device Based on a Coordinated-Metal-Synergetic Covalent Organic Framework for Highly Efficient Neuromorphic Application,"Chemistry of Materials, Volume 37, Issue 14, Page 5355-5364, July 22, 2025. <br />",Chemistry of Materials (ACS),,
508,van der Waals-like,PERSON,Crystal Structure of Cu2âˆ’Î´Te with van der Waals-like Interlayer Teâ€“Te Interaction Revealed by Scanning Transmission Electron Microscopy,"Chemistry of Materials, Volume 37, Issue 14, Page 5365-5377, July 22, 2025. <br />",Chemistry of Materials (ACS),,
508,Interlayer Te,ORG,Crystal Structure of Cu2âˆ’Î´Te with van der Waals-like Interlayer Teâ€“Te Interaction Revealed by Scanning Transmission Electron Microscopy,"Chemistry of Materials, Volume 37, Issue 14, Page 5365-5377, July 22, 2025. <br />",Chemistry of Materials (ACS),,
509,Niobium Atom Chains,PERSON,Niobium Atom Chains in Monolayer Tungsten Disulfide,"Chemistry of Materials, Volume 37, Issue 14, Page 5378-5386, July 22, 2025. <br />",Chemistry of Materials (ACS),,
509,Monolayer Tungsten Disulfide Chemistry of Materials,ORG,Niobium Atom Chains in Monolayer Tungsten Disulfide,"Chemistry of Materials, Volume 37, Issue 14, Page 5378-5386, July 22, 2025. <br />",Chemistry of Materials (ACS),,
510,Ab Initio,PERSON,Atomistic Mechanism of Perovskite Grain Boundary Healing by Halide Doping: Machine Learning and Ab Initio Analyses,"Chemistry of Materials, Volume 37, Issue 14, Page 5387-5395, July 22, 2025. <br />",Chemistry of Materials (ACS),,
511,Anchoring Bulky Moieties,ORG,Anchoring Bulky Moieties to Multi-Resonant Nanographenes for Solution-Processed OLEDs with High Efficiency and Narrowband Emission,"Chemistry of Materials, Volume 37, Issue 14, Page 5396-5405, July 22, 2025. <br />",Chemistry of Materials (ACS),,
512,Block Copolymers and Cobalt Ferrite Nanoparticles for Magnetic Material Design Chemistry of Materials,ORG,Co-assembly of Block Copolymers and Cobalt Ferrite Nanoparticles for Magnetic Material Design,"Chemistry of Materials, Volume 37, Issue 14, Page 5406-5416, July 22, 2025. <br />",Chemistry of Materials (ACS),,
513,Editorial Masthead Chemistry,PERSON,Issue Editorial Masthead,"Chemistry of Materials, Volume 37, Issue 14, July 22, 2025. <br />",Chemistry of Materials (ACS),,
514,Publication Information Chemistry of Materials,ORG,Issue Publication Information,"Chemistry of Materials, Volume 37, Issue 14, July 22, 2025. <br />",Chemistry of Materials (ACS),,
